Temperature (K)	Pressure (bar)	Density (mol/l)	Volume (l/mol)	Internal Energy (kJ/mol)	Enthalpy (kJ/mol)	Entropy (J/mol*K)	Cv (J/mol*K)	Cp (J/mol*K)	Sound Spd. (m/s)	Joule-Thomson (K/bar)	Viscosity (uPa*s)	Therm. Cond. (W/m*K)	Phase
91.000	15.690	21.661	0.046167	-6.6140	-6.5415	-49.892	47.159	66.516	1999.0	-0.059426	1260.9	0.25569	liquid
92.000	15.690	21.626	0.046240	-6.5473	-6.4747	-49.162	47.411	67.146	1994.0	-0.058765	1209.1	0.25499	liquid
93.000	15.690	21.592	0.046314	-6.4799	-6.4073	-48.433	47.620	67.703	1988.6	-0.058185	1160.4	0.25428	liquid
94.000	15.690	21.557	0.046389	-6.4121	-6.3393	-47.706	47.790	68.193	1982.9	-0.057676	1114.5	0.25354	liquid
95.000	15.690	21.522	0.046464	-6.3438	-6.2709	-46.982	47.924	68.622	1977.0	-0.057230	1071.3	0.25280	liquid
96.000	15.690	21.487	0.046540	-6.2751	-6.2021	-46.261	48.026	68.996	1970.9	-0.056839	1030.5	0.25204	liquid
97.000	15.690	21.452	0.046617	-6.2061	-6.1329	-45.545	48.099	69.321	1964.7	-0.056496	992.02	0.25127	liquid
98.000	15.690	21.416	0.046694	-6.1367	-6.0635	-44.832	48.145	69.600	1958.3	-0.056196	955.71	0.25048	liquid
99.000	15.690	21.381	0.046771	-6.0671	-5.9937	-44.124	48.167	69.839	1951.7	-0.055933	921.41	0.24968	liquid
100.00	15.690	21.345	0.046849	-5.9973	-5.9238	-43.421	48.169	70.042	1945.1	-0.055704	888.98	0.24888	liquid
101.00	15.690	21.309	0.046928	-5.9273	-5.8537	-42.724	48.151	70.212	1938.4	-0.055503	858.30	0.24806	liquid
102.00	15.690	21.273	0.047007	-5.8571	-5.7834	-42.031	48.117	70.353	1931.6	-0.055328	829.26	0.24723	liquid
103.00	15.690	21.238	0.047087	-5.7869	-5.7130	-41.344	48.068	70.468	1924.7	-0.055176	801.74	0.24640	liquid
104.00	15.690	21.202	0.047166	-5.7165	-5.6425	-40.663	48.005	70.560	1917.7	-0.055043	775.65	0.24555	liquid
105.00	15.690	21.166	0.047247	-5.6460	-5.5719	-39.987	47.932	70.631	1910.8	-0.054928	750.89	0.24470	liquid
106.00	15.690	21.129	0.047327	-5.5755	-5.5012	-39.318	47.848	70.684	1903.7	-0.054827	727.38	0.24384	liquid
107.00	15.690	21.093	0.047408	-5.5049	-5.4305	-38.654	47.756	70.722	1896.6	-0.054740	705.04	0.24297	liquid
108.00	15.690	21.057	0.047490	-5.4343	-5.3598	-37.996	47.657	70.745	1889.5	-0.054664	683.79	0.24210	liquid
109.00	15.690	21.021	0.047572	-5.3637	-5.2890	-37.344	47.551	70.756	1882.4	-0.054597	663.56	0.24122	liquid
110.00	15.690	20.985	0.047654	-5.2930	-5.2183	-36.697	47.440	70.757	1875.3	-0.054539	644.30	0.24033	liquid
111.00	15.690	20.948	0.047737	-5.2224	-5.1475	-36.057	47.325	70.749	1868.1	-0.054487	625.94	0.23944	liquid
112.00	15.690	20.912	0.047819	-5.1518	-5.0768	-35.423	47.206	70.733	1860.9	-0.054441	608.43	0.23854	liquid
113.00	15.690	20.876	0.047903	-5.0812	-5.0060	-34.794	47.084	70.710	1853.7	-0.054400	591.72	0.23763	liquid
114.00	15.690	20.839	0.047986	-5.0106	-4.9353	-34.171	46.961	70.683	1846.4	-0.054362	575.75	0.23672	liquid
115.00	15.690	20.803	0.048071	-4.9401	-4.8647	-33.554	46.836	70.650	1839.2	-0.054328	560.50	0.23581	liquid
116.00	15.690	20.766	0.048155	-4.8696	-4.7940	-32.942	46.710	70.614	1831.9	-0.054295	545.90	0.23489	liquid
117.00	15.690	20.730	0.048240	-4.7991	-4.7234	-32.336	46.583	70.576	1824.7	-0.054264	531.93	0.23397	liquid
118.00	15.690	20.693	0.048325	-4.7287	-4.6529	-31.736	46.457	70.535	1817.4	-0.054233	518.56	0.23304	liquid
119.00	15.690	20.657	0.048410	-4.6583	-4.5824	-31.141	46.330	70.493	1810.1	-0.054203	505.73	0.23211	liquid
120.00	15.690	20.620	0.048496	-4.5880	-4.5119	-30.551	46.205	70.450	1802.8	-0.054172	493.44	0.23117	liquid
121.00	15.690	20.583	0.048583	-4.5177	-4.4415	-29.967	46.080	70.407	1795.5	-0.054140	481.64	0.23023	liquid
122.00	15.690	20.547	0.048669	-4.4475	-4.3711	-29.387	45.957	70.364	1788.3	-0.054108	470.32	0.22929	liquid
123.00	15.690	20.510	0.048756	-4.3772	-4.3007	-28.813	45.836	70.321	1780.9	-0.054073	459.44	0.22834	liquid
124.00	15.690	20.473	0.048844	-4.3071	-4.2304	-28.244	45.716	70.280	1773.6	-0.054036	448.97	0.22739	liquid
125.00	15.690	20.437	0.048932	-4.2370	-4.1602	-27.680	45.597	70.239	1766.3	-0.053998	438.91	0.22644	liquid
126.00	15.690	20.400	0.049020	-4.1669	-4.0900	-27.120	45.481	70.200	1759.0	-0.053956	429.23	0.22549	liquid
127.00	15.690	20.363	0.049109	-4.0968	-4.0198	-26.565	45.367	70.163	1751.7	-0.053912	419.91	0.22453	liquid
128.00	15.690	20.326	0.049198	-4.0268	-3.9496	-26.015	45.256	70.128	1744.4	-0.053864	410.92	0.22357	liquid
129.00	15.690	20.289	0.049287	-3.9569	-3.8795	-25.470	45.146	70.094	1737.0	-0.053814	402.26	0.22261	liquid
130.00	15.690	20.252	0.049377	-3.8869	-3.8095	-24.928	45.040	70.064	1729.7	-0.053760	393.91	0.22164	liquid
131.00	15.690	20.215	0.049467	-3.8170	-3.7394	-24.392	44.935	70.035	1722.4	-0.053702	385.85	0.22068	liquid
132.00	15.690	20.178	0.049558	-3.7471	-3.6694	-23.859	44.833	70.010	1715.0	-0.053641	378.06	0.21971	liquid
133.00	15.690	20.141	0.049649	-3.6773	-3.5994	-23.331	44.734	69.986	1707.7	-0.053576	370.54	0.21874	liquid
134.00	15.690	20.104	0.049741	-3.6074	-3.5294	-22.807	44.638	69.966	1700.3	-0.053506	363.28	0.21777	liquid
135.00	15.690	20.067	0.049833	-3.5376	-3.4594	-22.286	44.544	69.949	1693.0	-0.053433	356.25	0.21679	liquid
136.00	15.690	20.030	0.049925	-3.4678	-3.3895	-21.770	44.453	69.934	1685.6	-0.053356	349.45	0.21582	liquid
137.00	15.690	19.993	0.050018	-3.3981	-3.3196	-21.258	44.364	69.922	1678.3	-0.053274	342.87	0.21484	liquid
138.00	15.690	19.955	0.050112	-3.3283	-3.2497	-20.750	44.278	69.914	1670.9	-0.053188	336.50	0.21386	liquid
139.00	15.690	19.918	0.050206	-3.2585	-3.1798	-20.245	44.195	69.908	1663.6	-0.053098	330.33	0.21289	liquid
140.00	15.690	19.881	0.050300	-3.1888	-3.1098	-19.744	44.115	69.906	1656.2	-0.053003	324.35	0.21191	liquid
141.00	15.690	19.843	0.050395	-3.1190	-3.0399	-19.246	44.037	69.906	1648.8	-0.052903	318.54	0.21092	liquid
142.00	15.690	19.806	0.050490	-3.0492	-2.9700	-18.752	43.961	69.910	1641.5	-0.052800	312.92	0.20994	liquid
143.00	15.690	19.768	0.050586	-2.9795	-2.9001	-18.261	43.889	69.916	1634.1	-0.052691	307.46	0.20896	liquid
144.00	15.690	19.731	0.050682	-2.9097	-2.8302	-17.774	43.819	69.926	1626.7	-0.052578	302.15	0.20798	liquid
145.00	15.690	19.693	0.050779	-2.8399	-2.7603	-17.290	43.751	69.939	1619.4	-0.052461	297.00	0.20699	liquid
146.00	15.690	19.655	0.050877	-2.7701	-2.6903	-16.809	43.686	69.955	1612.0	-0.052338	292.00	0.20601	liquid
147.00	15.690	19.618	0.050975	-2.7003	-2.6204	-16.332	43.623	69.974	1604.6	-0.052211	287.14	0.20502	liquid
148.00	15.690	19.580	0.051073	-2.6305	-2.5504	-15.857	43.563	69.996	1597.2	-0.052080	282.41	0.20404	liquid
149.00	15.690	19.542	0.051172	-2.5607	-2.4804	-15.386	43.506	70.021	1589.8	-0.051943	277.80	0.20305	liquid
150.00	15.690	19.504	0.051272	-2.4908	-2.4103	-14.918	43.450	70.048	1582.4	-0.051802	273.33	0.20207	liquid
151.00	15.690	19.466	0.051372	-2.4209	-2.3403	-14.452	43.397	70.079	1575.0	-0.051657	268.97	0.20108	liquid
152.00	15.690	19.428	0.051473	-2.3509	-2.2702	-13.989	43.347	70.113	1567.6	-0.051506	264.72	0.20010	liquid
153.00	15.690	19.390	0.051574	-2.2810	-2.2000	-13.529	43.298	70.150	1560.2	-0.051351	260.59	0.19911	liquid
154.00	15.690	19.351	0.051676	-2.2109	-2.1299	-13.072	43.252	70.189	1552.8	-0.051191	256.56	0.19812	liquid
155.00	15.690	19.313	0.051779	-2.1409	-2.0597	-12.618	43.208	70.232	1545.4	-0.051026	252.63	0.19714	liquid
156.00	15.690	19.275	0.051882	-2.0708	-1.9894	-12.166	43.166	70.277	1538.0	-0.050856	248.79	0.19615	liquid
157.00	15.690	19.236	0.051986	-2.0007	-1.9191	-11.717	43.127	70.325	1530.6	-0.050681	245.05	0.19517	liquid
158.00	15.690	19.198	0.052090	-1.9305	-1.8488	-11.270	43.089	70.376	1523.2	-0.050502	241.41	0.19418	liquid
159.00	15.690	19.159	0.052195	-1.8602	-1.7783	-10.826	43.054	70.430	1515.8	-0.050318	237.84	0.19320	liquid
160.00	15.690	19.120	0.052301	-1.7899	-1.7079	-10.384	43.020	70.486	1508.4	-0.050129	234.37	0.19221	liquid
161.00	15.690	19.081	0.052407	-1.7196	-1.6374	-9.9449	42.989	70.545	1501.0	-0.049934	230.97	0.19123	liquid
162.00	15.690	19.042	0.052514	-1.6492	-1.5668	-9.5079	42.959	70.607	1493.5	-0.049735	227.65	0.19025	liquid
163.00	15.690	19.003	0.052622	-1.5787	-1.4962	-9.0732	42.931	70.672	1486.1	-0.049531	224.41	0.18927	liquid
164.00	15.690	18.964	0.052730	-1.5082	-1.4255	-8.6407	42.905	70.739	1478.7	-0.049322	221.23	0.18828	liquid
165.00	15.690	18.925	0.052840	-1.4376	-1.3547	-8.2105	42.881	70.809	1471.2	-0.049108	218.13	0.18730	liquid
166.00	15.690	18.886	0.052949	-1.3669	-1.2838	-7.7824	42.859	70.881	1463.8	-0.048889	215.10	0.18632	liquid
167.00	15.690	18.847	0.053060	-1.2962	-1.2129	-7.3565	42.839	70.956	1456.4	-0.048665	212.13	0.18534	liquid
168.00	15.690	18.807	0.053171	-1.2253	-1.1419	-6.9327	42.820	71.034	1448.9	-0.048436	209.22	0.18436	liquid
169.00	15.690	18.768	0.053283	-1.1545	-1.0708	-6.5109	42.804	71.114	1441.5	-0.048202	206.38	0.18340	liquid
170.00	15.690	18.728	0.053396	-1.0835	-0.99969	-6.0911	42.788	71.196	1434.0	-0.047962	203.59	0.18243	liquid
171.00	15.690	18.688	0.053510	-1.0124	-0.92845	-5.6732	42.775	71.282	1426.5	-0.047717	200.86	0.18146	liquid
172.00	15.690	18.648	0.053624	-0.94127	-0.85713	-5.2573	42.763	71.369	1419.1	-0.047467	198.19	0.18049	liquid
173.00	15.690	18.608	0.053740	-0.87003	-0.78572	-4.8433	42.753	71.460	1411.6	-0.047212	195.57	0.17952	liquid
174.00	15.690	18.568	0.053856	-0.79871	-0.71421	-4.4312	42.744	71.553	1404.1	-0.046951	193.00	0.17855	liquid
175.00	15.690	18.528	0.053972	-0.72729	-0.64261	-4.0209	42.737	71.648	1396.7	-0.046685	190.48	0.17758	liquid
176.00	15.690	18.488	0.054090	-0.65578	-0.57091	-3.6124	42.731	71.746	1389.2	-0.046413	188.01	0.17661	liquid
177.00	15.690	18.447	0.054209	-0.58417	-0.49912	-3.2056	42.727	71.846	1381.7	-0.046135	185.58	0.17565	liquid
178.00	15.690	18.407	0.054328	-0.51246	-0.42722	-2.8005	42.725	71.949	1374.2	-0.045852	183.21	0.17468	liquid
179.00	15.690	18.366	0.054448	-0.44065	-0.35522	-2.3972	42.724	72.054	1366.7	-0.045564	180.87	0.17372	liquid
180.00	15.690	18.325	0.054570	-0.36873	-0.28311	-1.9955	42.724	72.162	1359.2	-0.045269	178.58	0.17276	liquid
181.00	15.690	18.284	0.054692	-0.29671	-0.21090	-1.5954	42.726	72.272	1351.7	-0.044969	176.33	0.17180	liquid
182.00	15.690	18.243	0.054815	-0.22457	-0.13857	-1.1969	42.729	72.385	1344.2	-0.044662	174.12	0.17084	liquid
183.00	15.690	18.202	0.054939	-0.15232	-0.066125	-0.79992	42.734	72.500	1336.7	-0.044350	171.95	0.16988	liquid
184.00	15.690	18.161	0.055064	-0.079962	0.0064330	-0.40450	42.740	72.618	1329.2	-0.044031	169.82	0.16892	liquid
185.00	15.690	18.119	0.055190	-0.0074825	0.079110	-0.010584	42.747	72.738	1321.6	-0.043706	167.73	0.16797	liquid
186.00	15.690	18.078	0.055317	0.065117	0.15191	0.38186	42.755	72.861	1314.1	-0.043375	165.67	0.16702	liquid
187.00	15.690	18.036	0.055445	0.13784	0.22483	0.77287	42.765	72.986	1306.6	-0.043038	163.64	0.16607	liquid
188.00	15.690	17.994	0.055574	0.21069	0.29788	1.1625	42.777	73.114	1299.0	-0.042694	161.65	0.16512	liquid
189.00	15.690	17.952	0.055704	0.28366	0.37106	1.5507	42.789	73.245	1291.4	-0.042343	159.69	0.16417	liquid
190.00	15.690	17.910	0.055835	0.35677	0.44437	1.9376	42.803	73.378	1283.9	-0.041985	157.77	0.16322	liquid
191.00	15.690	17.868	0.055967	0.43000	0.51782	2.3231	42.818	73.513	1276.3	-0.041621	155.87	0.16228	liquid
192.00	15.690	17.825	0.056101	0.50338	0.59140	2.7073	42.834	73.652	1268.7	-0.041249	154.01	0.16133	liquid
193.00	15.690	17.782	0.056235	0.57689	0.66512	3.0903	42.852	73.793	1261.2	-0.040870	152.17	0.16039	liquid
194.00	15.690	17.740	0.056371	0.65054	0.73899	3.4720	42.871	73.937	1253.6	-0.040484	150.36	0.15945	liquid
195.00	15.690	17.697	0.056508	0.72434	0.81300	3.8526	42.891	74.083	1246.0	-0.040090	148.58	0.15852	liquid
196.00	15.690	17.653	0.056646	0.79828	0.88715	4.2319	42.912	74.233	1238.4	-0.039689	146.83	0.15758	liquid
197.00	15.690	17.610	0.056785	0.87237	0.96146	4.6100	42.934	74.385	1230.7	-0.039279	145.11	0.15665	liquid
198.00	15.690	17.567	0.056926	0.94661	1.0359	4.9871	42.958	74.540	1223.1	-0.038862	143.41	0.15571	liquid
199.00	15.690	17.523	0.057068	1.0210	1.1105	5.3630	42.983	74.698	1215.5	-0.038437	141.73	0.15478	liquid
200.00	15.690	17.479	0.057211	1.0956	1.1853	5.7378	43.008	74.859	1207.8	-0.038003	140.08	0.15385	liquid
201.00	15.690	17.435	0.057355	1.1703	1.2603	6.1116	43.035	75.023	1200.2	-0.037560	138.46	0.15293	liquid
202.00	15.690	17.391	0.057501	1.2451	1.3354	6.4843	43.064	75.190	1192.5	-0.037109	136.85	0.15200	liquid
203.00	15.690	17.347	0.057648	1.3202	1.4106	6.8560	43.093	75.360	1184.8	-0.036648	135.27	0.15108	liquid
204.00	15.690	17.302	0.057797	1.3954	1.4861	7.2268	43.123	75.533	1177.1	-0.036178	133.71	0.15016	liquid
205.00	15.690	17.257	0.057947	1.4708	1.5617	7.5966	43.155	75.709	1169.4	-0.035699	132.18	0.14924	liquid
206.00	15.690	17.212	0.058099	1.5464	1.6375	7.9654	43.187	75.889	1161.7	-0.035210	130.66	0.14832	liquid
207.00	15.690	17.167	0.058252	1.6221	1.7135	8.3334	43.221	76.072	1154.0	-0.034711	129.16	0.14741	liquid
208.00	15.690	17.121	0.058407	1.6980	1.7897	8.7004	43.256	76.259	1146.3	-0.034201	127.69	0.14649	liquid
209.00	15.690	17.076	0.058563	1.7741	1.8660	9.0666	43.292	76.449	1138.5	-0.033681	126.23	0.14558	liquid
210.00	15.690	17.030	0.058721	1.8504	1.9426	9.4320	43.329	76.642	1130.7	-0.033150	124.79	0.14467	liquid
211.00	15.690	16.984	0.058880	1.9269	2.0193	9.7966	43.367	76.839	1123.0	-0.032607	123.38	0.14376	liquid
212.00	15.690	16.937	0.059041	2.0036	2.0962	10.160	43.406	77.040	1115.2	-0.032053	121.97	0.14286	liquid
213.00	15.690	16.891	0.059204	2.0805	2.1734	10.523	43.446	77.245	1107.4	-0.031487	120.59	0.14195	liquid
214.00	15.690	16.844	0.059369	2.1576	2.2507	10.886	43.487	77.454	1099.5	-0.030909	119.22	0.14105	liquid
215.00	15.690	16.797	0.059535	2.2349	2.3283	11.247	43.530	77.667	1091.7	-0.030318	117.87	0.14015	liquid
216.00	15.690	16.749	0.059703	2.3124	2.4061	11.608	43.573	77.884	1083.8	-0.029713	116.54	0.13925	liquid
217.00	15.690	16.702	0.059874	2.3901	2.4841	11.968	43.618	78.106	1076.0	-0.029095	115.22	0.13835	liquid
218.00	15.690	16.654	0.060046	2.4681	2.5623	12.328	43.663	78.332	1068.1	-0.028464	113.92	0.13746	liquid
219.00	15.690	16.606	0.060220	2.5462	2.6407	12.687	43.710	78.562	1060.2	-0.027817	112.64	0.13657	liquid
220.00	15.690	16.557	0.060396	2.6246	2.7194	13.046	43.758	78.797	1052.2	-0.027156	111.36	0.13568	liquid
221.00	15.690	16.509	0.060575	2.7033	2.7983	13.403	43.806	79.037	1044.3	-0.026479	110.11	0.13479	liquid
222.00	15.690	16.460	0.060755	2.7822	2.8775	13.761	43.856	79.282	1036.3	-0.025786	108.86	0.13390	liquid
223.00	15.690	16.410	0.060938	2.8613	2.9569	14.118	43.907	79.533	1028.3	-0.025076	107.63	0.13301	liquid
224.00	15.690	16.361	0.061123	2.9406	3.0365	14.474	43.959	79.788	1020.3	-0.024349	106.42	0.13213	liquid
225.00	15.690	16.311	0.061310	3.0203	3.1165	14.830	44.012	80.049	1012.3	-0.023605	105.21	0.13125	liquid
226.00	15.690	16.260	0.061500	3.1002	3.1966	15.186	44.066	80.316	1004.2	-0.022841	104.02	0.13037	liquid
227.00	15.690	16.210	0.061692	3.1803	3.2771	15.541	44.122	80.589	996.16	-0.022058	102.85	0.12949	liquid
228.00	15.690	16.159	0.061887	3.2607	3.3578	15.896	44.178	80.869	988.05	-0.021255	101.68	0.12861	liquid
229.00	15.690	16.107	0.062084	3.3414	3.4388	16.250	44.235	81.154	979.91	-0.020431	100.53	0.12773	liquid
230.00	15.690	16.055	0.062284	3.4224	3.5201	16.604	44.294	81.447	971.75	-0.019586	99.384	0.12686	liquid
231.00	15.690	16.003	0.062487	3.5037	3.6017	16.958	44.353	81.746	963.56	-0.018717	98.253	0.12598	liquid
232.00	15.690	15.951	0.062693	3.5853	3.6836	17.312	44.414	82.053	955.33	-0.017825	97.132	0.12511	liquid
233.00	15.690	15.898	0.062901	3.6671	3.7658	17.666	44.476	82.367	947.08	-0.016908	96.023	0.12424	liquid
234.00	15.690	15.845	0.063113	3.7493	3.8484	18.019	44.539	82.690	938.79	-0.015966	94.923	0.12337	liquid
235.00	15.690	15.791	0.063328	3.8319	3.9312	18.373	44.603	83.020	930.47	-0.014996	93.834	0.12251	liquid
236.00	15.690	15.737	0.063546	3.9147	4.0144	18.726	44.668	83.359	922.12	-0.013999	92.755	0.12164	liquid
237.00	15.690	15.682	0.063768	3.9979	4.0979	19.079	44.735	83.708	913.73	-0.012971	91.685	0.12077	liquid
238.00	15.690	15.627	0.063993	4.0814	4.1818	19.432	44.803	84.066	905.30	-0.011913	90.624	0.11991	liquid
239.00	15.690	15.571	0.064221	4.1653	4.2661	19.785	44.872	84.434	896.83	-0.010823	89.572	0.11904	liquid
240.00	15.690	15.515	0.064454	4.2496	4.3507	20.139	44.942	84.813	888.31	-0.0096980	88.529	0.11818	liquid
241.00	15.690	15.458	0.064690	4.3342	4.4357	20.492	45.013	85.203	879.76	-0.0085375	87.494	0.11732	liquid
242.00	15.690	15.401	0.064930	4.4192	4.5211	20.846	45.086	85.604	871.16	-0.0073394	86.467	0.11646	liquid
243.00	15.690	15.343	0.065175	4.5047	4.6069	21.200	45.160	86.018	862.51	-0.0061016	85.448	0.11560	liquid
244.00	15.690	15.285	0.065424	4.5905	4.6932	21.554	45.235	86.446	853.81	-0.0048220	84.437	0.11474	liquid
245.00	15.690	15.226	0.065677	4.6768	4.7798	21.908	45.312	86.887	845.05	-0.0034983	83.433	0.11388	liquid
246.00	15.690	15.166	0.065935	4.7635	4.8669	22.263	45.390	87.342	836.25	-0.0021279	82.435	0.11302	liquid
247.00	15.690	15.106	0.066198	4.8506	4.9545	22.618	45.469	87.814	827.38	-0.00070811	81.445	0.11216	liquid
248.00	15.690	15.045	0.066466	4.9383	5.0426	22.974	45.550	88.302	818.46	0.00076396	80.460	0.11130	liquid
249.00	15.690	14.984	0.066739	5.0264	5.1311	23.331	45.632	88.808	809.47	0.0022916	79.482	0.11044	liquid
250.00	15.690	14.921	0.067018	5.1150	5.2202	23.688	45.716	89.333	800.41	0.0038781	78.509	0.10958	liquid
251.00	15.690	14.858	0.067303	5.2042	5.3098	24.045	45.802	89.878	791.28	0.0055275	77.542	0.10872	liquid
252.00	15.690	14.794	0.067594	5.2939	5.4000	24.404	45.889	90.445	782.08	0.0072439	76.580	0.10786	liquid
253.00	15.690	14.729	0.067892	5.3842	5.4907	24.763	45.978	91.036	772.80	0.0090317	75.622	0.10700	liquid
254.00	15.690	14.664	0.068196	5.4750	5.5820	25.123	46.068	91.652	763.43	0.010896	74.669	0.10614	liquid
255.00	15.690	14.597	0.068508	5.5665	5.6740	25.485	46.161	92.295	753.98	0.012843	73.720	0.10527	liquid
256.00	15.690	14.529	0.068827	5.6586	5.7666	25.847	46.255	92.968	744.44	0.014877	72.774	0.10441	liquid
256.73	15.690	14.479	0.069064	5.7262	5.8346	26.112	46.325	93.478	737.42	0.016420	72.087	0.10377	liquid
256.73	15.690	0.95910	1.0426	14.820	16.456	67.483	46.010	72.102	245.16	2.0390	8.6946	0.019320	vapor
257.00	15.690	0.95667	1.0453	14.835	16.475	67.559	45.955	71.839	245.51	2.0302	8.7014	0.019330	vapor
258.00	15.690	0.94791	1.0549	14.891	16.546	67.836	45.771	70.929	246.79	1.9982	8.7267	0.019373	vapor
259.00	15.690	0.93945	1.0645	14.947	16.617	68.109	45.610	70.102	248.04	1.9673	8.7521	0.019419	vapor
260.00	15.690	0.93125	1.0738	15.002	16.687	68.378	45.471	69.349	249.27	1.9373	8.7778	0.019469	vapor
261.00	15.690	0.92331	1.0831	15.056	16.756	68.642	45.350	68.661	250.47	1.9083	8.8036	0.019523	vapor
262.00	15.690	0.91561	1.0922	15.110	16.824	68.904	45.247	68.032	251.64	1.8801	8.8296	0.019579	vapor
263.00	15.690	0.90813	1.1012	15.164	16.892	69.162	45.159	67.455	252.79	1.8528	8.8557	0.019639	vapor
264.00	15.690	0.90086	1.1100	15.217	16.959	69.417	45.085	66.924	253.92	1.8262	8.8820	0.019701	vapor
265.00	15.690	0.89379	1.1188	15.270	17.026	69.669	45.024	66.437	255.03	1.8004	8.9083	0.019766	vapor
266.00	15.690	0.88690	1.1275	15.323	17.092	69.918	44.974	65.987	256.12	1.7754	8.9348	0.019833	vapor
267.00	15.690	0.88019	1.1361	15.375	17.158	70.165	44.935	65.572	257.19	1.7509	8.9614	0.019902	vapor
268.00	15.690	0.87364	1.1446	15.427	17.223	70.409	44.906	65.189	258.25	1.7272	8.9880	0.019974	vapor
269.00	15.690	0.86726	1.1531	15.479	17.288	70.652	44.885	64.834	259.28	1.7040	9.0148	0.020047	vapor
270.00	15.690	0.86102	1.1614	15.530	17.353	70.892	44.873	64.506	260.31	1.6814	9.0416	0.020122	vapor
271.00	15.690	0.85492	1.1697	15.582	17.417	71.129	44.868	64.202	261.31	1.6594	9.0685	0.020199	vapor
272.00	15.690	0.84896	1.1779	15.633	17.481	71.365	44.870	63.920	262.31	1.6380	9.0954	0.020278	vapor
273.00	15.690	0.84313	1.1861	15.684	17.545	71.599	44.878	63.659	263.29	1.6170	9.1225	0.020359	vapor
274.00	15.690	0.83742	1.1941	15.735	17.608	71.832	44.892	63.416	264.26	1.5965	9.1495	0.020441	vapor
275.00	15.690	0.83183	1.2022	15.786	17.672	72.062	44.911	63.191	265.21	1.5765	9.1767	0.020524	vapor
276.00	15.690	0.82635	1.2101	15.836	17.735	72.291	44.936	62.982	266.15	1.5570	9.2039	0.020609	vapor
277.00	15.690	0.82099	1.2180	15.887	17.798	72.519	44.965	62.789	267.09	1.5379	9.2311	0.020695	vapor
278.00	15.690	0.81573	1.2259	15.937	17.860	72.745	44.998	62.609	268.01	1.5192	9.2583	0.020783	vapor
279.00	15.690	0.81056	1.2337	15.987	17.923	72.969	45.036	62.442	268.92	1.5009	9.2857	0.020872	vapor
280.00	15.690	0.80550	1.2415	16.037	17.985	73.192	45.077	62.288	269.82	1.4830	9.3130	0.020962	vapor
281.00	15.690	0.80053	1.2492	16.088	18.047	73.414	45.122	62.145	270.71	1.4655	9.3404	0.021053	vapor
282.00	15.690	0.79565	1.2568	16.138	18.110	73.635	45.170	62.012	271.59	1.4483	9.3678	0.021146	vapor
283.00	15.690	0.79085	1.2645	16.188	18.172	73.854	45.222	61.890	272.46	1.4315	9.3952	0.021239	vapor
284.00	15.690	0.78614	1.2720	16.238	18.233	74.072	45.276	61.777	273.32	1.4150	9.4227	0.021334	vapor
285.00	15.690	0.78151	1.2796	16.287	18.295	74.289	45.333	61.673	274.18	1.3988	9.4501	0.021430	vapor
286.00	15.690	0.77696	1.2871	16.337	18.357	74.505	45.392	61.578	275.02	1.3829	9.4776	0.021527	vapor
287.00	15.690	0.77248	1.2945	16.387	18.418	74.720	45.454	61.490	275.86	1.3674	9.5052	0.021625	vapor
288.00	15.690	0.76808	1.3020	16.437	18.480	74.933	45.519	61.410	276.69	1.3521	9.5327	0.021724	vapor
289.00	15.690	0.76375	1.3093	16.487	18.541	75.146	45.585	61.337	277.51	1.3371	9.5603	0.021824	vapor
290.00	15.690	0.75948	1.3167	16.536	18.602	75.358	45.654	61.271	278.32	1.3224	9.5878	0.021924	vapor
291.00	15.690	0.75528	1.3240	16.586	18.664	75.569	45.724	61.211	279.13	1.3080	9.6154	0.022026	vapor
292.00	15.690	0.75115	1.3313	16.636	18.725	75.779	45.797	61.157	279.93	1.2938	9.6430	0.022129	vapor
293.00	15.690	0.74708	1.3385	16.686	18.786	75.988	45.871	61.109	280.73	1.2798	9.6706	0.022233	vapor
294.00	15.690	0.74307	1.3458	16.735	18.847	76.196	45.947	61.066	281.51	1.2661	9.6982	0.022337	vapor
295.00	15.690	0.73912	1.3530	16.785	18.908	76.403	46.024	61.029	282.29	1.2527	9.7258	0.022443	vapor
296.00	15.690	0.73523	1.3601	16.835	18.969	76.610	46.103	60.996	283.07	1.2395	9.7535	0.022549	vapor
297.00	15.690	0.73139	1.3673	16.885	19.030	76.815	46.184	60.969	283.83	1.2264	9.7811	0.022656	vapor
298.00	15.690	0.72761	1.3744	16.935	19.091	77.020	46.266	60.946	284.60	1.2137	9.8087	0.022764	vapor
299.00	15.690	0.72388	1.3814	16.984	19.152	77.224	46.349	60.927	285.35	1.2011	9.8364	0.022873	vapor
300.00	15.690	0.72020	1.3885	17.034	19.213	77.428	46.434	60.913	286.10	1.1887	9.8640	0.022983	vapor
301.00	15.690	0.71657	1.3955	17.084	19.274	77.630	46.520	60.902	286.85	1.1765	9.8917	0.023093	vapor
302.00	15.690	0.71300	1.4025	17.134	19.335	77.832	46.607	60.895	287.59	1.1646	9.9193	0.023204	vapor
303.00	15.690	0.70946	1.4095	17.184	19.396	78.034	46.696	60.892	288.32	1.1528	9.9469	0.023316	vapor
304.00	15.690	0.70598	1.4165	17.234	19.456	78.234	46.785	60.893	289.05	1.1412	9.9746	0.023429	vapor
305.00	15.690	0.70254	1.4234	17.284	19.517	78.434	46.876	60.897	289.77	1.1297	10.002	0.023542	vapor
306.00	15.690	0.69915	1.4303	17.334	19.578	78.634	46.967	60.904	290.49	1.1185	10.030	0.023656	vapor
307.00	15.690	0.69579	1.4372	17.384	19.639	78.832	47.060	60.914	291.21	1.1074	10.058	0.023771	vapor
308.00	15.690	0.69249	1.4441	17.434	19.700	79.030	47.153	60.928	291.92	1.0965	10.085	0.023887	vapor
309.00	15.690	0.68922	1.4509	17.485	19.761	79.228	47.248	60.944	292.62	1.0858	10.113	0.024003	vapor
310.00	15.690	0.68599	1.4577	17.535	19.822	79.425	47.343	60.963	293.32	1.0752	10.140	0.024120	vapor
311.00	15.690	0.68280	1.4646	17.585	19.883	79.621	47.440	60.985	294.02	1.0648	10.168	0.024238	vapor
312.00	15.690	0.67965	1.4713	17.635	19.944	79.817	47.537	61.010	294.71	1.0545	10.196	0.024356	vapor
313.00	15.690	0.67654	1.4781	17.686	20.005	80.012	47.635	61.037	295.40	1.0444	10.223	0.024476	vapor
314.00	15.690	0.67346	1.4849	17.736	20.066	80.207	47.734	61.066	296.08	1.0344	10.251	0.024595	vapor
315.00	15.690	0.67042	1.4916	17.787	20.127	80.401	47.833	61.098	296.76	1.0246	10.278	0.024716	vapor
316.00	15.690	0.66742	1.4983	17.837	20.188	80.595	47.933	61.133	297.43	1.0149	10.306	0.024837	vapor
317.00	15.690	0.66445	1.5050	17.888	20.249	80.788	48.034	61.169	298.10	1.0054	10.334	0.024959	vapor
318.00	15.690	0.66151	1.5117	17.939	20.311	80.981	48.136	61.208	298.77	0.99596	10.361	0.025081	vapor
319.00	15.690	0.65861	1.5183	17.989	20.372	81.173	48.239	61.248	299.43	0.98668	10.389	0.025204	vapor
320.00	15.690	0.65574	1.5250	18.040	20.433	81.365	48.342	61.291	300.09	0.97753	10.416	0.025327	vapor
321.00	15.690	0.65290	1.5316	18.091	20.494	81.556	48.445	61.336	300.75	0.96851	10.444	0.025452	vapor
322.00	15.690	0.65010	1.5382	18.142	20.556	81.747	48.550	61.382	301.40	0.95961	10.471	0.025577	vapor
323.00	15.690	0.64732	1.5448	18.193	20.617	81.938	48.655	61.431	302.05	0.95084	10.499	0.025702	vapor
324.00	15.690	0.64457	1.5514	18.244	20.679	82.127	48.760	61.481	302.69	0.94218	10.526	0.025828	vapor
325.00	15.690	0.64185	1.5580	18.296	20.740	82.317	48.867	61.533	303.33	0.93364	10.554	0.025955	vapor
326.00	15.690	0.63917	1.5645	18.347	20.802	82.506	48.973	61.586	303.97	0.92522	10.581	0.026082	vapor
327.00	15.690	0.63650	1.5711	18.398	20.863	82.695	49.081	61.641	304.61	0.91690	10.609	0.026210	vapor
328.00	15.690	0.63387	1.5776	18.450	20.925	82.883	49.188	61.698	305.24	0.90870	10.636	0.026338	vapor
329.00	15.690	0.63127	1.5841	18.501	20.987	83.071	49.297	61.757	305.87	0.90061	10.664	0.026467	vapor
330.00	15.690	0.62869	1.5906	18.553	21.048	83.259	49.406	61.817	306.49	0.89262	10.691	0.026597	vapor
331.00	15.690	0.62613	1.5971	18.604	21.110	83.446	49.515	61.878	307.12	0.88474	10.718	0.026727	vapor
332.00	15.690	0.62361	1.6036	18.656	21.172	83.632	49.625	61.941	307.73	0.87696	10.746	0.026858	vapor
333.00	15.690	0.62110	1.6100	18.708	21.234	83.819	49.735	62.005	308.35	0.86929	10.773	0.026989	vapor
334.00	15.690	0.61863	1.6165	18.760	21.296	84.005	49.846	62.070	308.96	0.86171	10.800	0.027121	vapor
335.00	15.690	0.61617	1.6229	18.812	21.358	84.191	49.957	62.137	309.57	0.85423	10.828	0.027253	vapor
336.00	15.690	0.61375	1.6293	18.864	21.420	84.376	50.069	62.205	310.18	0.84684	10.855	0.027386	vapor
337.00	15.690	0.61134	1.6358	18.916	21.483	84.561	50.181	62.274	310.79	0.83955	10.882	0.027519	vapor
338.00	15.690	0.60896	1.6422	18.968	21.545	84.745	50.293	62.345	311.39	0.83235	10.910	0.027653	vapor
339.00	15.690	0.60660	1.6485	19.021	21.607	84.930	50.406	62.416	311.99	0.82524	10.937	0.027788	vapor
340.00	15.690	0.60426	1.6549	19.073	21.670	85.114	50.519	62.489	312.59	0.81822	10.964	0.027923	vapor
341.00	15.690	0.60195	1.6613	19.126	21.732	85.297	50.633	62.563	313.18	0.81128	10.992	0.028058	vapor
342.00	15.690	0.59965	1.6676	19.178	21.795	85.481	50.747	62.638	313.77	0.80444	11.019	0.028194	vapor
343.00	15.690	0.59738	1.6740	19.231	21.858	85.664	50.861	62.714	314.36	0.79767	11.046	0.028331	vapor
344.00	15.690	0.59513	1.6803	19.284	21.920	85.846	50.976	62.791	314.95	0.79099	11.073	0.028468	vapor
345.00	15.690	0.59290	1.6866	19.337	21.983	86.029	51.091	62.869	315.53	0.78439	11.100	0.028605	vapor
346.00	15.690	0.59068	1.6930	19.390	22.046	86.211	51.206	62.948	316.11	0.77788	11.128	0.028743	vapor
347.00	15.690	0.58849	1.6993	19.443	22.109	86.393	51.322	63.028	316.69	0.77144	11.155	0.028882	vapor
348.00	15.690	0.58632	1.7055	19.496	22.172	86.574	51.438	63.109	317.27	0.76507	11.182	0.029021	vapor
349.00	15.690	0.58417	1.7118	19.549	22.235	86.755	51.554	63.191	317.84	0.75879	11.209	0.029161	vapor
350.00	15.690	0.58204	1.7181	19.603	22.299	86.936	51.671	63.273	318.42	0.75258	11.236	0.029301	vapor
351.00	15.690	0.57992	1.7244	19.656	22.362	87.117	51.788	63.357	318.99	0.74644	11.263	0.029441	vapor
352.00	15.690	0.57783	1.7306	19.710	22.425	87.297	51.905	63.441	319.55	0.74038	11.290	0.029582	vapor
353.00	15.690	0.57575	1.7369	19.764	22.489	87.477	52.022	63.527	320.12	0.73439	11.317	0.029724	vapor
354.00	15.690	0.57369	1.7431	19.817	22.552	87.657	52.140	63.613	320.68	0.72847	11.344	0.029866	vapor
355.00	15.690	0.57165	1.7493	19.871	22.616	87.837	52.258	63.699	321.24	0.72261	11.371	0.030008	vapor
356.00	15.690	0.56962	1.7556	19.925	22.680	88.016	52.376	63.787	321.80	0.71683	11.398	0.030151	vapor
357.00	15.690	0.56761	1.7618	19.979	22.744	88.195	52.494	63.875	322.36	0.71111	11.425	0.030294	vapor
358.00	15.690	0.56562	1.7680	20.034	22.808	88.374	52.613	63.964	322.92	0.70546	11.452	0.030438	vapor
359.00	15.690	0.56364	1.7742	20.088	22.872	88.552	52.732	64.054	323.47	0.69988	11.479	0.030583	vapor
360.00	15.690	0.56169	1.7804	20.142	22.936	88.731	52.851	64.144	324.02	0.69435	11.506	0.030727	vapor
361.00	15.690	0.55974	1.7865	20.197	23.000	88.909	52.970	64.235	324.57	0.68889	11.533	0.030872	vapor
362.00	15.690	0.55782	1.7927	20.251	23.064	89.087	53.090	64.327	325.12	0.68350	11.560	0.031018	vapor
363.00	15.690	0.55591	1.7989	20.306	23.128	89.264	53.210	64.419	325.66	0.67816	11.587	0.031164	vapor
364.00	15.690	0.55401	1.8050	20.361	23.193	89.441	53.330	64.512	326.20	0.67289	11.614	0.031311	vapor
365.00	15.690	0.55213	1.8112	20.416	23.257	89.619	53.450	64.605	326.75	0.66767	11.640	0.031458	vapor
366.00	15.690	0.55026	1.8173	20.471	23.322	89.795	53.570	64.700	327.28	0.66251	11.667	0.031605	vapor
367.00	15.690	0.54841	1.8234	20.526	23.387	89.972	53.691	64.794	327.82	0.65741	11.694	0.031753	vapor
368.00	15.690	0.54658	1.8296	20.581	23.452	90.149	53.811	64.889	328.36	0.65237	11.721	0.031901	vapor
369.00	15.690	0.54476	1.8357	20.636	23.517	90.325	53.932	64.985	328.89	0.64738	11.747	0.032050	vapor
370.00	15.690	0.54295	1.8418	20.692	23.582	90.501	54.053	65.082	329.42	0.64244	11.774	0.032199	vapor
371.00	15.690	0.54115	1.8479	20.747	23.647	90.677	54.174	65.178	329.96	0.63757	11.801	0.032348	vapor
372.00	15.690	0.53937	1.8540	20.803	23.712	90.852	54.296	65.276	330.48	0.63274	11.828	0.032498	vapor
373.00	15.690	0.53761	1.8601	20.859	23.777	91.028	54.417	65.374	331.01	0.62797	11.854	0.032649	vapor
374.00	15.690	0.53586	1.8662	20.915	23.843	91.203	54.539	65.472	331.54	0.62324	11.881	0.032799	vapor
375.00	15.690	0.53412	1.8723	20.971	23.908	91.378	54.661	65.571	332.06	0.61857	11.908	0.032951	vapor
376.00	15.690	0.53239	1.8783	21.027	23.974	91.552	54.782	65.670	332.58	0.61395	11.934	0.033102	vapor
377.00	15.690	0.53068	1.8844	21.083	24.040	91.727	54.904	65.770	333.10	0.60938	11.961	0.033254	vapor
378.00	15.690	0.52898	1.8904	21.139	24.105	91.901	55.027	65.870	333.62	0.60486	11.987	0.033407	vapor
379.00	15.690	0.52729	1.8965	21.196	24.171	92.075	55.149	65.970	334.14	0.60039	12.014	0.033559	vapor
380.00	15.690	0.52561	1.9025	21.252	24.237	92.249	55.271	66.071	334.66	0.59596	12.040	0.033713	vapor
381.00	15.690	0.52395	1.9086	21.309	24.304	92.423	55.394	66.173	335.17	0.59158	12.067	0.033866	vapor
382.00	15.690	0.52230	1.9146	21.366	24.370	92.597	55.516	66.274	335.68	0.58725	12.093	0.034020	vapor
383.00	15.690	0.52066	1.9206	21.423	24.436	92.770	55.639	66.376	336.19	0.58296	12.120	0.034175	vapor
384.00	15.690	0.51903	1.9267	21.480	24.503	92.943	55.762	66.479	336.70	0.57872	12.146	0.034329	vapor
385.00	15.690	0.51742	1.9327	21.537	24.569	93.116	55.885	66.582	337.21	0.57452	12.173	0.034484	vapor
386.00	15.690	0.51581	1.9387	21.594	24.636	93.289	56.007	66.685	337.72	0.57036	12.199	0.034640	vapor
387.00	15.690	0.51422	1.9447	21.651	24.702	93.462	56.130	66.789	338.22	0.56625	12.226	0.034796	vapor
388.00	15.690	0.51264	1.9507	21.709	24.769	93.634	56.254	66.892	338.73	0.56218	12.252	0.034952	vapor
389.00	15.690	0.51107	1.9567	21.766	24.836	93.807	56.377	66.997	339.23	0.55815	12.278	0.035109	vapor
390.00	15.690	0.50951	1.9627	21.824	24.903	93.979	56.500	67.101	339.73	0.55417	12.305	0.035266	vapor
391.00	15.690	0.50796	1.9687	21.882	24.970	94.151	56.623	67.206	340.23	0.55022	12.331	0.035423	vapor
392.00	15.690	0.50642	1.9746	21.939	25.038	94.323	56.747	67.311	340.73	0.54632	12.357	0.035581	vapor
393.00	15.690	0.50489	1.9806	21.997	25.105	94.494	56.870	67.417	341.23	0.54245	12.383	0.035739	vapor
394.00	15.690	0.50338	1.9866	22.056	25.173	94.666	56.994	67.523	341.72	0.53862	12.410	0.035897	vapor
395.00	15.690	0.50187	1.9925	22.114	25.240	94.837	57.117	67.629	342.22	0.53483	12.436	0.036056	vapor
396.00	15.690	0.50037	1.9985	22.172	25.308	95.008	57.241	67.735	342.71	0.53108	12.462	0.036216	vapor
397.00	15.690	0.49889	2.0045	22.231	25.376	95.179	57.364	67.841	343.20	0.52737	12.488	0.036375	vapor
398.00	15.690	0.49741	2.0104	22.289	25.443	95.350	57.488	67.948	343.69	0.52369	12.514	0.036535	vapor
399.00	15.690	0.49595	2.0163	22.348	25.511	95.521	57.612	68.055	344.18	0.52005	12.541	0.036695	vapor
400.00	15.690	0.49449	2.0223	22.407	25.580	95.691	57.735	68.163	344.67	0.51645	12.567	0.036856	vapor
401.00	15.690	0.49304	2.0282	22.465	25.648	95.861	57.859	68.270	345.16	0.51288	12.593	0.037017	vapor
402.00	15.690	0.49161	2.0341	22.525	25.716	96.032	57.983	68.378	345.64	0.50935	12.619	0.037178	vapor
403.00	15.690	0.49018	2.0401	22.584	25.785	96.202	58.107	68.486	346.12	0.50585	12.645	0.037340	vapor
404.00	15.690	0.48876	2.0460	22.643	25.853	96.371	58.231	68.594	346.61	0.50239	12.671	0.037502	vapor
405.00	15.690	0.48735	2.0519	22.702	25.922	96.541	58.355	68.702	347.09	0.49896	12.697	0.037664	vapor
406.00	15.690	0.48595	2.0578	22.762	25.990	96.711	58.478	68.811	347.57	0.49556	12.723	0.037827	vapor
407.00	15.690	0.48456	2.0637	22.821	26.059	96.880	58.602	68.920	348.05	0.49219	12.749	0.037990	vapor
408.00	15.690	0.48318	2.0696	22.881	26.128	97.049	58.726	69.029	348.53	0.48886	12.775	0.038153	vapor
409.00	15.690	0.48181	2.0755	22.941	26.197	97.219	58.850	69.138	349.00	0.48556	12.801	0.038317	vapor
410.00	15.690	0.48044	2.0814	23.001	26.267	97.387	58.974	69.247	349.48	0.48229	12.827	0.038481	vapor
411.00	15.690	0.47909	2.0873	23.061	26.336	97.556	59.098	69.357	349.95	0.47906	12.853	0.038645	vapor
412.00	15.690	0.47774	2.0932	23.121	26.405	97.725	59.222	69.467	350.43	0.47585	12.879	0.038810	vapor
413.00	15.690	0.47640	2.0991	23.181	26.475	97.894	59.346	69.577	350.90	0.47267	12.904	0.038974	vapor
414.00	15.690	0.47507	2.1049	23.242	26.544	98.062	59.470	69.687	351.37	0.46953	12.930	0.039140	vapor
415.00	15.690	0.47375	2.1108	23.302	26.614	98.230	59.594	69.797	351.84	0.46641	12.956	0.039305	vapor
416.00	15.690	0.47244	2.1167	23.363	26.684	98.398	59.718	69.907	352.31	0.46332	12.982	0.039471	vapor
417.00	15.690	0.47113	2.1226	23.424	26.754	98.566	59.842	70.018	352.78	0.46027	13.008	0.039637	vapor
418.00	15.690	0.46983	2.1284	23.485	26.824	98.734	59.965	70.128	353.25	0.45724	13.033	0.039804	vapor
419.00	15.690	0.46854	2.1343	23.546	26.894	98.902	60.089	70.239	353.71	0.45424	13.059	0.039971	vapor
420.00	15.690	0.46726	2.1401	23.607	26.965	99.069	60.213	70.350	354.18	0.45126	13.085	0.040138	vapor
421.00	15.690	0.46599	2.1460	23.668	27.035	99.237	60.337	70.461	354.64	0.44832	13.110	0.040305	vapor
422.00	15.690	0.46472	2.1518	23.729	27.105	99.404	60.461	70.572	355.10	0.44540	13.136	0.040473	vapor
423.00	15.690	0.46346	2.1577	23.791	27.176	99.571	60.584	70.683	355.57	0.44250	13.162	0.040641	vapor
424.00	15.690	0.46221	2.1635	23.852	27.247	99.738	60.708	70.794	356.03	0.43964	13.187	0.040809	vapor
425.00	15.690	0.46097	2.1693	23.914	27.318	99.905	60.832	70.906	356.49	0.43680	13.213	0.040978	vapor
426.00	15.690	0.45973	2.1752	23.976	27.389	100.07	60.956	71.017	356.94	0.43399	13.239	0.041147	vapor
427.00	15.690	0.45851	2.1810	24.038	27.460	100.24	61.079	71.129	357.40	0.43120	13.264	0.041316	vapor
428.00	15.690	0.45729	2.1868	24.100	27.531	100.41	61.203	71.241	357.86	0.42844	13.290	0.041486	vapor
429.00	15.690	0.45607	2.1926	24.162	27.602	100.57	61.326	71.353	358.32	0.42570	13.315	0.041656	vapor
430.00	15.690	0.45486	2.1985	24.224	27.674	100.74	61.450	71.464	358.77	0.42298	13.341	0.041826	vapor
431.00	15.690	0.45366	2.2043	24.287	27.745	100.90	61.573	71.576	359.22	0.42030	13.366	0.041996	vapor
432.00	15.690	0.45247	2.2101	24.349	27.817	101.07	61.697	71.688	359.68	0.41763	13.392	0.042167	vapor
433.00	15.690	0.45129	2.2159	24.412	27.889	101.24	61.820	71.801	360.13	0.41499	13.417	0.042338	vapor
434.00	15.690	0.45011	2.2217	24.475	27.960	101.40	61.944	71.913	360.58	0.41237	13.442	0.042509	vapor
435.00	15.690	0.44894	2.2275	24.537	28.032	101.57	62.067	72.025	361.03	0.40978	13.468	0.042680	vapor
436.00	15.690	0.44777	2.2333	24.600	28.104	101.73	62.190	72.137	361.48	0.40721	13.493	0.042852	vapor
437.00	15.690	0.44661	2.2391	24.663	28.177	101.90	62.313	72.250	361.93	0.40466	13.519	0.043024	vapor
438.00	15.690	0.44546	2.2449	24.727	28.249	102.06	62.436	72.362	362.38	0.40213	13.544	0.043197	vapor
439.00	15.690	0.44431	2.2507	24.790	28.321	102.23	62.559	72.475	362.82	0.39963	13.569	0.043369	vapor
440.00	15.690	0.44317	2.2565	24.854	28.394	102.39	62.682	72.587	363.27	0.39714	13.595	0.043542	vapor
441.00	15.690	0.44204	2.2622	24.917	28.467	102.56	62.805	72.700	363.71	0.39468	13.620	0.043715	vapor
442.00	15.690	0.44091	2.2680	24.981	28.539	102.72	62.928	72.813	364.16	0.39224	13.645	0.043889	vapor
443.00	15.690	0.43979	2.2738	25.045	28.612	102.89	63.051	72.925	364.60	0.38982	13.670	0.044062	vapor
444.00	15.690	0.43868	2.2796	25.108	28.685	103.05	63.174	73.038	365.04	0.38743	13.696	0.044236	vapor
445.00	15.690	0.43757	2.2853	25.173	28.758	103.22	63.297	73.151	365.48	0.38505	13.721	0.044410	vapor
446.00	15.690	0.43647	2.2911	25.237	28.831	103.38	63.419	73.264	365.92	0.38269	13.746	0.044585	vapor
447.00	15.690	0.43538	2.2969	25.301	28.905	103.55	63.542	73.376	366.36	0.38036	13.771	0.044760	vapor
448.00	15.690	0.43429	2.3026	25.365	28.978	103.71	63.664	73.489	366.80	0.37804	13.796	0.044934	vapor
449.00	15.690	0.43320	2.3084	25.430	29.052	103.87	63.787	73.602	367.24	0.37574	13.821	0.045110	vapor
450.00	15.690	0.43213	2.3141	25.495	29.125	104.04	63.909	73.715	367.68	0.37347	13.846	0.045285	vapor
451.00	15.690	0.43105	2.3199	25.559	29.199	104.20	64.031	73.828	368.11	0.37121	13.871	0.045461	vapor
452.00	15.690	0.42999	2.3256	25.624	29.273	104.36	64.154	73.941	368.55	0.36897	13.897	0.045637	vapor
453.00	15.690	0.42893	2.3314	25.689	29.347	104.53	64.276	74.054	368.98	0.36675	13.922	0.045813	vapor
454.00	15.690	0.42787	2.3371	25.754	29.421	104.69	64.398	74.167	369.42	0.36455	13.947	0.045990	vapor
455.00	15.690	0.42683	2.3429	25.819	29.495	104.86	64.520	74.280	369.85	0.36236	13.972	0.046166	vapor
456.00	15.690	0.42578	2.3486	25.885	29.570	105.02	64.642	74.393	370.28	0.36020	13.997	0.046343	vapor
457.00	15.690	0.42475	2.3544	25.950	29.644	105.18	64.763	74.506	370.71	0.35805	14.021	0.046521	vapor
458.00	15.690	0.42371	2.3601	26.016	29.719	105.34	64.885	74.619	371.14	0.35592	14.046	0.046698	vapor
459.00	15.690	0.42269	2.3658	26.081	29.793	105.51	65.007	74.732	371.57	0.35381	14.071	0.046876	vapor
460.00	15.690	0.42167	2.3715	26.147	29.868	105.67	65.128	74.845	372.00	0.35172	14.096	0.047054	vapor
461.00	15.690	0.42065	2.3773	26.213	29.943	105.83	65.250	74.958	372.43	0.34964	14.121	0.047232	vapor
462.00	15.690	0.41964	2.3830	26.279	30.018	106.00	65.371	75.071	372.86	0.34758	14.146	0.047410	vapor
463.00	15.690	0.41863	2.3887	26.345	30.093	106.16	65.492	75.184	373.29	0.34554	14.171	0.047589	vapor
464.00	15.690	0.41763	2.3944	26.412	30.168	106.32	65.614	75.296	373.71	0.34351	14.196	0.047768	vapor
465.00	15.690	0.41664	2.4002	26.478	30.244	106.48	65.735	75.409	374.14	0.34150	14.220	0.047947	vapor
466.00	15.690	0.41565	2.4059	26.544	30.319	106.64	65.856	75.522	374.56	0.33951	14.245	0.048126	vapor
467.00	15.690	0.41467	2.4116	26.611	30.395	106.81	65.977	75.635	374.99	0.33753	14.270	0.048306	vapor
468.00	15.690	0.41369	2.4173	26.678	30.471	106.97	66.097	75.748	375.41	0.33557	14.295	0.048485	vapor
469.00	15.690	0.41271	2.4230	26.745	30.546	107.13	66.218	75.861	375.83	0.33362	14.319	0.048665	vapor
470.00	15.690	0.41174	2.4287	26.812	30.622	107.29	66.339	75.974	376.25	0.33169	14.344	0.048846	vapor
471.00	15.690	0.41078	2.4344	26.879	30.698	107.45	66.459	76.087	376.67	0.32978	14.369	0.049026	vapor
472.00	15.690	0.40982	2.4401	26.946	30.774	107.61	66.580	76.199	377.09	0.32788	14.393	0.049207	vapor
473.00	15.690	0.40886	2.4458	27.013	30.851	107.78	66.700	76.312	377.51	0.32599	14.418	0.049388	vapor
474.00	15.690	0.40791	2.4515	27.081	30.927	107.94	66.820	76.425	377.93	0.32412	14.442	0.049569	vapor
475.00	15.690	0.40697	2.4572	27.148	31.004	108.10	66.941	76.538	378.35	0.32227	14.467	0.049750	vapor
476.00	15.690	0.40603	2.4629	27.216	31.080	108.26	67.061	76.650	378.77	0.32043	14.492	0.049932	vapor
477.00	15.690	0.40509	2.4686	27.284	31.157	108.42	67.181	76.763	379.19	0.31860	14.516	0.050113	vapor
478.00	15.690	0.40416	2.4743	27.352	31.234	108.58	67.300	76.875	379.60	0.31679	14.541	0.050295	vapor
479.00	15.690	0.40324	2.4799	27.420	31.311	108.74	67.420	76.988	380.02	0.31499	14.565	0.050478	vapor
480.00	15.690	0.40231	2.4856	27.488	31.388	108.90	67.540	77.100	380.43	0.31321	14.590	0.050660	vapor
481.00	15.690	0.40140	2.4913	27.556	31.465	109.06	67.659	77.213	380.85	0.31144	14.614	0.050842	vapor
482.00	15.690	0.40048	2.4970	27.624	31.542	109.22	67.779	77.325	381.26	0.30968	14.639	0.051025	vapor
483.00	15.690	0.39957	2.5027	27.693	31.619	109.38	67.898	77.438	381.67	0.30794	14.663	0.051208	vapor
484.00	15.690	0.39867	2.5083	27.761	31.697	109.54	68.017	77.550	382.08	0.30621	14.687	0.051392	vapor
485.00	15.690	0.39777	2.5140	27.830	31.775	109.70	68.137	77.662	382.50	0.30450	14.712	0.051575	vapor
486.00	15.690	0.39688	2.5197	27.899	31.852	109.86	68.256	77.775	382.91	0.30280	14.736	0.051759	vapor
487.00	15.690	0.39599	2.5253	27.968	31.930	110.02	68.374	77.887	383.32	0.30111	14.761	0.051942	vapor
488.00	15.690	0.39510	2.5310	28.037	32.008	110.18	68.493	77.999	383.73	0.29943	14.785	0.052126	vapor
489.00	15.690	0.39422	2.5367	28.106	32.086	110.34	68.612	78.111	384.14	0.29777	14.809	0.052311	vapor
490.00	15.690	0.39334	2.5423	28.175	32.164	110.50	68.731	78.223	384.54	0.29612	14.833	0.052495	vapor
491.00	15.690	0.39247	2.5480	28.245	32.243	110.66	68.849	78.335	384.95	0.29448	14.858	0.052680	vapor
492.00	15.690	0.39160	2.5537	28.314	32.321	110.82	68.967	78.447	385.36	0.29285	14.882	0.052864	vapor
493.00	15.690	0.39073	2.5593	28.384	32.399	110.98	69.086	78.559	385.77	0.29124	14.906	0.053049	vapor
494.00	15.690	0.38987	2.5650	28.454	32.478	111.14	69.204	78.671	386.17	0.28964	14.930	0.053235	vapor
495.00	15.690	0.38901	2.5706	28.523	32.557	111.30	69.322	78.782	386.58	0.28805	14.955	0.053420	vapor
496.00	15.690	0.38816	2.5763	28.593	32.636	111.46	69.440	78.894	386.98	0.28647	14.979	0.053606	vapor
497.00	15.690	0.38731	2.5819	28.664	32.715	111.62	69.558	79.006	387.38	0.28490	15.003	0.053791	vapor
498.00	15.690	0.38646	2.5876	28.734	32.794	111.78	69.675	79.117	387.79	0.28335	15.027	0.053977	vapor
499.00	15.690	0.38562	2.5932	28.804	32.873	111.94	69.793	79.229	388.19	0.28181	15.051	0.054163	vapor
500.00	15.690	0.38479	2.5989	28.874	32.952	112.10	69.910	79.340	388.59	0.28027	15.075	0.054350	vapor
501.00	15.690	0.38395	2.6045	28.945	33.031	112.25	70.028	79.452	388.99	0.27875	15.099	0.054536	vapor
502.00	15.690	0.38312	2.6101	29.016	33.111	112.41	70.145	79.563	389.40	0.27725	15.123	0.054723	vapor
503.00	15.690	0.38230	2.6158	29.086	33.191	112.57	70.262	79.674	389.80	0.27575	15.148	0.054910	vapor
504.00	15.690	0.38147	2.6214	29.157	33.270	112.73	70.379	79.785	390.20	0.27426	15.172	0.055097	vapor
505.00	15.690	0.38066	2.6270	29.228	33.350	112.89	70.496	79.896	390.59	0.27279	15.196	0.055284	vapor
506.00	15.690	0.37984	2.6327	29.299	33.430	113.05	70.613	80.007	390.99	0.27132	15.220	0.055471	vapor
507.00	15.690	0.37903	2.6383	29.371	33.510	113.20	70.729	80.118	391.39	0.26987	15.243	0.055659	vapor
508.00	15.690	0.37822	2.6439	29.442	33.590	113.36	70.846	80.229	391.79	0.26842	15.267	0.055847	vapor
509.00	15.690	0.37742	2.6496	29.513	33.671	113.52	70.962	80.340	392.19	0.26699	15.291	0.056035	vapor
510.00	15.690	0.37662	2.6552	29.585	33.751	113.68	71.078	80.451	392.58	0.26557	15.315	0.056223	vapor
511.00	15.690	0.37582	2.6608	29.657	33.832	113.84	71.195	80.562	392.98	0.26415	15.339	0.056411	vapor
512.00	15.690	0.37503	2.6664	29.729	33.912	113.99	71.311	80.672	393.37	0.26275	15.363	0.056599	vapor
513.00	15.690	0.37424	2.6721	29.800	33.993	114.15	71.427	80.783	393.77	0.26136	15.387	0.056788	vapor
514.00	15.690	0.37346	2.6777	29.872	34.074	114.31	71.542	80.893	394.16	0.25997	15.411	0.056977	vapor
515.00	15.690	0.37268	2.6833	29.945	34.155	114.47	71.658	81.003	394.56	0.25860	15.435	0.057166	vapor
516.00	15.690	0.37190	2.6889	30.017	34.236	114.62	71.774	81.114	394.95	0.25724	15.458	0.057355	vapor
517.00	15.690	0.37112	2.6945	30.089	34.317	114.78	71.889	81.224	395.34	0.25589	15.482	0.057544	vapor
518.00	15.690	0.37035	2.7001	30.162	34.398	114.94	72.004	81.334	395.73	0.25454	15.506	0.057734	vapor
519.00	15.690	0.36958	2.7058	30.234	34.480	115.09	72.120	81.444	396.12	0.25321	15.530	0.057923	vapor
520.00	15.690	0.36882	2.7114	30.307	34.561	115.25	72.235	81.554	396.51	0.25188	15.553	0.058113	vapor
521.00	15.690	0.36806	2.7170	30.380	34.643	115.41	72.350	81.664	396.91	0.25057	15.577	0.058303	vapor
522.00	15.690	0.36730	2.7226	30.453	34.724	115.56	72.465	81.774	397.29	0.24926	15.601	0.058493	vapor
523.00	15.690	0.36654	2.7282	30.526	34.806	115.72	72.579	81.883	397.68	0.24796	15.624	0.058683	vapor
524.00	15.690	0.36579	2.7338	30.599	34.888	115.88	72.694	81.993	398.07	0.24667	15.648	0.058874	vapor
525.00	15.690	0.36505	2.7394	30.672	34.970	116.03	72.808	82.103	398.46	0.24540	15.672	0.059065	vapor
526.00	15.690	0.36430	2.7450	30.745	35.052	116.19	72.923	82.212	398.85	0.24413	15.695	0.059255	vapor
527.00	15.690	0.36356	2.7506	30.819	35.135	116.35	73.037	82.321	399.24	0.24286	15.719	0.059446	vapor
528.00	15.690	0.36282	2.7562	30.893	35.217	116.50	73.151	82.431	399.62	0.24161	15.742	0.059637	vapor
529.00	15.690	0.36209	2.7618	30.966	35.300	116.66	73.265	82.540	400.01	0.24037	15.766	0.059828	vapor
530.00	15.690	0.36135	2.7674	31.040	35.382	116.81	73.379	82.649	400.39	0.23913	15.789	0.060020	vapor
531.00	15.690	0.36062	2.7730	31.114	35.465	116.97	73.493	82.758	400.78	0.23790	15.813	0.060211	vapor
532.00	15.690	0.35990	2.7786	31.188	35.548	117.13	73.606	82.867	401.16	0.23668	15.836	0.060403	vapor
533.00	15.690	0.35918	2.7842	31.262	35.631	117.28	73.720	82.976	401.55	0.23547	15.860	0.060595	vapor
534.00	15.690	0.35846	2.7897	31.336	35.714	117.44	73.833	83.085	401.93	0.23427	15.883	0.060787	vapor
535.00	15.690	0.35774	2.7953	31.411	35.797	117.59	73.947	83.193	402.31	0.23308	15.907	0.060979	vapor
536.00	15.690	0.35703	2.8009	31.485	35.880	117.75	74.060	83.302	402.70	0.23189	15.930	0.061171	vapor
537.00	15.690	0.35632	2.8065	31.560	35.963	117.90	74.173	83.410	403.08	0.23071	15.954	0.061364	vapor
538.00	15.690	0.35561	2.8121	31.635	36.047	118.06	74.286	83.519	403.46	0.22954	15.977	0.061556	vapor
539.00	15.690	0.35490	2.8177	31.709	36.130	118.21	74.398	83.627	403.84	0.22838	16.000	0.061749	vapor
540.00	15.690	0.35420	2.8233	31.784	36.214	118.37	74.511	83.735	404.22	0.22723	16.024	0.061942	vapor
541.00	15.690	0.35350	2.8288	31.859	36.298	118.52	74.623	83.844	404.60	0.22608	16.047	0.062135	vapor
542.00	15.690	0.35281	2.8344	31.935	36.382	118.68	74.736	83.952	404.98	0.22494	16.070	0.062328	vapor
543.00	15.690	0.35211	2.8400	32.010	36.466	118.83	74.848	84.060	405.36	0.22381	16.094	0.062521	vapor
544.00	15.690	0.35142	2.8456	32.085	36.550	118.99	74.960	84.167	405.74	0.22269	16.117	0.062715	vapor
545.00	15.690	0.35074	2.8511	32.161	36.634	119.14	75.072	84.275	406.12	0.22157	16.140	0.062908	vapor
546.00	15.690	0.35005	2.8567	32.236	36.718	119.30	75.184	84.383	406.50	0.22046	16.164	0.063102	vapor
547.00	15.690	0.34937	2.8623	32.312	36.803	119.45	75.296	84.490	406.87	0.21936	16.187	0.063296	vapor
548.00	15.690	0.34869	2.8679	32.388	36.887	119.61	75.408	84.598	407.25	0.21826	16.210	0.063490	vapor
549.00	15.690	0.34802	2.8734	32.464	36.972	119.76	75.519	84.705	407.63	0.21718	16.233	0.063684	vapor
550.00	15.690	0.34734	2.8790	32.540	37.057	119.92	75.630	84.813	408.00	0.21610	16.256	0.063878	vapor
551.00	15.690	0.34667	2.8846	32.616	37.142	120.07	75.742	84.920	408.38	0.21502	16.279	0.064073	vapor
552.00	15.690	0.34601	2.8901	32.692	37.227	120.22	75.853	85.027	408.75	0.21396	16.303	0.064267	vapor
553.00	15.690	0.34534	2.8957	32.768	37.312	120.38	75.964	85.134	409.13	0.21290	16.326	0.064462	vapor
554.00	15.690	0.34468	2.9013	32.845	37.397	120.53	76.075	85.241	409.50	0.21185	16.349	0.064657	vapor
555.00	15.690	0.34402	2.9068	32.921	37.482	120.69	76.186	85.348	409.88	0.21080	16.372	0.064852	vapor
556.00	15.690	0.34336	2.9124	32.998	37.568	120.84	76.296	85.454	410.25	0.20976	16.395	0.065047	vapor
557.00	15.690	0.34271	2.9179	33.075	37.653	120.99	76.407	85.561	410.62	0.20873	16.418	0.065242	vapor
558.00	15.690	0.34206	2.9235	33.152	37.739	121.15	76.517	85.667	410.99	0.20771	16.441	0.065437	vapor
559.00	15.690	0.34141	2.9291	33.229	37.824	121.30	76.627	85.774	411.37	0.20669	16.464	0.065633	vapor
560.00	15.690	0.34076	2.9346	33.306	37.910	121.45	76.738	85.880	411.74	0.20567	16.487	0.065828	vapor
561.00	15.690	0.34012	2.9402	33.383	37.996	121.61	76.848	85.986	412.11	0.20467	16.510	0.066024	vapor
562.00	15.690	0.33948	2.9457	33.460	38.082	121.76	76.957	86.092	412.48	0.20367	16.533	0.066220	vapor
563.00	15.690	0.33884	2.9513	33.538	38.168	121.91	77.067	86.198	412.85	0.20268	16.556	0.066416	vapor
564.00	15.690	0.33820	2.9568	33.615	38.255	122.07	77.177	86.304	413.22	0.20169	16.579	0.066612	vapor
565.00	15.690	0.33757	2.9624	33.693	38.341	122.22	77.286	86.410	413.59	0.20071	16.602	0.066808	vapor
566.00	15.690	0.33694	2.9679	33.771	38.427	122.37	77.396	86.516	413.96	0.19974	16.625	0.067004	vapor
567.00	15.690	0.33631	2.9735	33.849	38.514	122.53	77.505	86.622	414.32	0.19877	16.648	0.067201	vapor
568.00	15.690	0.33568	2.9790	33.927	38.601	122.68	77.614	86.727	414.69	0.19781	16.670	0.067397	vapor
569.00	15.690	0.33506	2.9846	34.005	38.687	122.83	77.723	86.833	415.06	0.19685	16.693	0.067594	vapor
570.00	15.690	0.33444	2.9901	34.083	38.774	122.98	77.832	86.938	415.43	0.19590	16.716	0.067791	vapor
571.00	15.690	0.33382	2.9957	34.161	38.861	123.14	77.941	87.043	415.79	0.19496	16.739	0.067988	vapor
572.00	15.690	0.33320	3.0012	34.240	38.948	123.29	78.050	87.148	416.16	0.19402	16.762	0.068185	vapor
573.00	15.690	0.33259	3.0067	34.318	39.036	123.44	78.158	87.253	416.52	0.19309	16.784	0.068382	vapor
574.00	15.690	0.33197	3.0123	34.397	39.123	123.59	78.267	87.358	416.89	0.19216	16.807	0.068580	vapor
575.00	15.690	0.33136	3.0178	34.475	39.210	123.74	78.375	87.463	417.25	0.19124	16.830	0.068777	vapor
576.00	15.690	0.33076	3.0234	34.554	39.298	123.90	78.483	87.568	417.62	0.19032	16.853	0.068974	vapor
577.00	15.690	0.33015	3.0289	34.633	39.385	124.05	78.591	87.672	417.98	0.18942	16.875	0.069172	vapor
578.00	15.690	0.32955	3.0344	34.712	39.473	124.20	78.699	87.777	418.35	0.18851	16.898	0.069370	vapor
579.00	15.690	0.32895	3.0400	34.791	39.561	124.35	78.807	87.881	418.71	0.18761	16.921	0.069568	vapor
580.00	15.690	0.32835	3.0455	34.871	39.649	124.50	78.914	87.986	419.07	0.18672	16.943	0.069766	vapor
581.00	15.690	0.32776	3.0510	34.950	39.737	124.66	79.022	88.090	419.44	0.18583	16.966	0.069964	vapor
582.00	15.690	0.32716	3.0566	35.029	39.825	124.81	79.129	88.194	419.80	0.18495	16.989	0.070162	vapor
583.00	15.690	0.32657	3.0621	35.109	39.913	124.96	79.237	88.298	420.16	0.18408	17.011	0.070361	vapor
584.00	15.690	0.32598	3.0676	35.189	40.002	125.11	79.344	88.402	420.52	0.18320	17.034	0.070559	vapor
585.00	15.690	0.32540	3.0732	35.268	40.090	125.26	79.451	88.506	420.88	0.18234	17.056	0.070758	vapor
586.00	15.690	0.32481	3.0787	35.348	40.179	125.41	79.558	88.610	421.24	0.18148	17.079	0.070956	vapor
587.00	15.690	0.32423	3.0842	35.428	40.267	125.56	79.665	88.713	421.60	0.18062	17.101	0.071155	vapor
588.00	15.690	0.32365	3.0897	35.508	40.356	125.72	79.771	88.817	421.96	0.17977	17.124	0.071354	vapor
589.00	15.690	0.32307	3.0953	35.589	40.445	125.87	79.878	88.920	422.32	0.17893	17.146	0.071553	vapor
590.00	15.690	0.32250	3.1008	35.669	40.534	126.02	79.984	89.023	422.68	0.17809	17.169	0.071752	vapor
591.00	15.690	0.32192	3.1063	35.749	40.623	126.17	80.091	89.127	423.04	0.17725	17.191	0.071951	vapor
592.00	15.690	0.32135	3.1118	35.830	40.712	126.32	80.197	89.230	423.40	0.17642	17.214	0.072151	vapor
593.00	15.690	0.32078	3.1174	35.910	40.802	126.47	80.303	89.333	423.75	0.17560	17.236	0.072350	vapor
594.00	15.690	0.32022	3.1229	35.991	40.891	126.62	80.409	89.436	424.11	0.17478	17.259	0.072550	vapor
595.00	15.690	0.31965	3.1284	36.072	40.980	126.77	80.515	89.538	424.47	0.17396	17.281	0.072749	vapor
596.00	15.690	0.31909	3.1339	36.153	41.070	126.92	80.621	89.641	424.82	0.17315	17.303	0.072949	vapor
597.00	15.690	0.31853	3.1394	36.234	41.160	127.07	80.726	89.744	425.18	0.17235	17.326	0.073149	vapor
598.00	15.690	0.31797	3.1450	36.315	41.250	127.22	80.832	89.846	425.54	0.17155	17.348	0.073349	vapor
599.00	15.690	0.31741	3.1505	36.396	41.339	127.37	80.937	89.949	425.89	0.17075	17.370	0.073549	vapor
600.00	15.690	0.31686	3.1560	36.478	41.429	127.52	81.042	90.051	426.25	0.16996	17.393	0.073749	vapor
601.00	15.690	0.31630	3.1615	36.559	41.520	127.67	81.147	90.153	426.60	0.16917	17.415	0.073949	vapor
602.00	15.690	0.31575	3.1670	36.641	41.610	127.82	81.252	90.255	426.96	0.16839	17.437	0.074150	vapor
603.00	15.690	0.31521	3.1725	36.722	41.700	127.97	81.357	90.357	427.31	0.16761	17.460	0.074350	vapor
604.00	15.690	0.31466	3.1780	36.804	41.790	128.12	81.462	90.459	427.66	0.16684	17.482	0.074551	vapor
605.00	15.690	0.31411	3.1836	36.886	41.881	128.27	81.567	90.561	428.02	0.16607	17.504	0.074751	vapor
606.00	15.690	0.31357	3.1891	36.968	41.972	128.42	81.671	90.663	428.37	0.16531	17.526	0.074952	vapor
607.00	15.690	0.31303	3.1946	37.050	42.062	128.57	81.776	90.764	428.72	0.16455	17.549	0.075153	vapor
608.00	15.690	0.31249	3.2001	37.132	42.153	128.72	81.880	90.866	429.07	0.16379	17.571	0.075354	vapor
609.00	15.690	0.31195	3.2056	37.214	42.244	128.87	81.984	90.967	429.43	0.16304	17.593	0.075555	vapor
610.00	15.690	0.31142	3.2111	37.297	42.335	129.02	82.088	91.068	429.78	0.16230	17.615	0.075756	vapor
611.00	15.690	0.31089	3.2166	37.379	42.426	129.17	82.192	91.170	430.13	0.16155	17.637	0.075957	vapor
612.00	15.690	0.31036	3.2221	37.462	42.517	129.32	82.296	91.271	430.48	0.16082	17.659	0.076158	vapor
613.00	15.690	0.30983	3.2276	37.545	42.609	129.47	82.400	91.372	430.83	0.16008	17.681	0.076360	vapor
614.00	15.690	0.30930	3.2331	37.627	42.700	129.62	82.503	91.473	431.18	0.15935	17.703	0.076562	vapor
615.00	15.690	0.30877	3.2386	37.710	42.792	129.76	82.607	91.573	431.53	0.15863	17.726	0.076763	vapor
616.00	15.690	0.30825	3.2441	37.793	42.883	129.91	82.710	91.674	431.88	0.15791	17.748	0.076965	vapor
617.00	15.690	0.30773	3.2496	37.876	42.975	130.06	82.813	91.775	432.23	0.15719	17.770	0.077167	vapor
618.00	15.690	0.30721	3.2551	37.960	43.067	130.21	82.916	91.875	432.57	0.15648	17.792	0.077369	vapor
619.00	15.690	0.30669	3.2606	38.043	43.159	130.36	83.019	91.975	432.92	0.15577	17.814	0.077571	vapor
620.00	15.690	0.30617	3.2661	38.126	43.251	130.51	83.122	92.076	433.27	0.15506	17.836	0.077773	vapor
621.00	15.690	0.30566	3.2716	38.210	43.343	130.66	83.225	92.176	433.62	0.15436	17.858	0.077976	vapor
622.00	15.690	0.30515	3.2771	38.293	43.435	130.80	83.328	92.276	433.96	0.15366	17.880	0.078178	vapor
623.00	15.690	0.30464	3.2826	38.377	43.527	130.95	83.430	92.376	434.31	0.15297	17.902	0.078381	vapor
624.00	15.690	0.30413	3.2881	38.461	43.620	131.10	83.533	92.476	434.66	0.15228	17.924	0.078583	vapor
625.00	15.690	0.30362	3.2936	38.545	43.712	131.25	83.635	92.576	435.00	0.15160	17.945	0.078786	vapor
